"File name","Link "
"Action","Action"
"Appointment","Appointment"
"AppointmentWaitlist","AppointmentWaitlist"
"Visit, Procedure","Visit"
"ChartNote","ChartNote "
"ConsentFormCompleted","ConsentFormCompleted"
"CosignNote","CosignNote"
"CycleTypeHistory","CycleTypeHistory"
"DailyWorklist","DailyWorklist"
"Document","Document"
"EmrOocyte","EmrOocyte"
"EmrIvfSample","EmrIvfSample"
"DonorAnswer","DonorAnswer"
"EmrCycle","EmrCycle"
"DonorEducation","DonorEducation"
"EmrCycle","EmrCycle"
"DonorEmployment","DonorEmployment"
"DonorFamily","DonorFamily"
"DonorFamilyDeceased","DonorFamilyDeceased"
"EmrAnswerDetail","EmrAnswerDetail"
"EmrAssessment","EmrAssessment"
"EmrBiologicalFamily","EmrBiologicalFamily"
"EmrChartDocument","EmrChartDocument"
"EmrChecklistItem","EmrChecklistItem"
"EmrChiefComplaint","EmrChiefComplaint"
"EmrContraception","EmrContraception"
"EmrCycle","EmrCycle"
"EmrCycleBirth","EmrCycleBirth"
"EmrCycleCulture","EmrCycleCulture"
"CultureMedia","CultureMedia"
"EmrCycleDrugPlan","EmrCycleDrugPlan"
"EmrCycleEducation","EmrCycleEducation"
"EmrCycleHistory","EmrCycleHistory"
"EmrCycle","EmrCycle"
"EmrCycleIntents","EmrCycleIntents"
"EmrCycleNote","EmrCycleNote"
"EmrCycle","EmrCycle"
"EmrCycleScheduleAlert","EmrCycleScheduleAlert"
"EmrCycleScheduleDay","EmrCycleScheduleDay"
"EmrCycleScheduleRow","EmrCycleScheduleRow"
"EmrDisclosureInfo","EmrDisclosureInfo"
"EmrDonor","EmrDonor"
"EmrDonorPatrequest","EmrDonorPatrequest"
"EmrDvtRisk","EmrDvtRisk"
"EmrEncounterProvider","EmrEncounterProvider"
"EmrEncounterReport","EmrEncounterReport"
"EmrEncounterReportAddendum","EmrEncounterReportAddendum"
"EmrEstimatedDueDate","EmrEstimatedDueDate"
"EmrHealthConcern","EmrHealthConcern"
"EmrHpi","EmrHpi"
"EmrInfertilityTreatment","EmrInfertilityTreatment"
"EmrIvfFollicularUs","EmrIvfFollicularUs"
"EmrIvfObUs","EmrIvfObUs"
"EmrIvfSample","EmrIvfSample"
"EmrIvfSemenAnalysis","EmrIvfSemenAnalysis"
"EmrMeasurement","EmrMeasurement"
"EmrMedicalHistory","EmrMedicalHistory"
"EmrObUltrasound","EmrObUltrasound"
"EmrOocyte","EmrOocyte"
"EmrOocyteDay","EmrOocyteDay"
"Patients","Patients"
"EmrPlan","EmrPlan"
"EmrProblem","EmrProblem"
"Patients","Patients"
"EmrRestrictRecordAllow","EmrRestrictRecordAllow"
"EmrReviews","EmrReviews"
"EmrSemenMeasurement","EmrSemenMeasurement"
"EmrVisitProblem","EmrVisitProblem"
"EmrWellnessPlan","EmrWellnessPlan"
"ImmunizationRecord","ImmunizationRecord"
"ImmunizationSchedule","ImmunizationSchedule"
"Insurance","Insurance"
"CryoBilling","CryoBilling"
"IvfQuote","IvfQuote"
"KioskAnswer","KioskAnswer"
"KioskPregOutcomeAnswer","KioskPregOutcomeAnswer"
"LedgerItem","LedgerItem"
"NewcropAllergy","NewcropAllergy"
"NewcropDrug","NewcropDrug"
"PatientContact","PatientContact"
"PatientAllowedContacts","PatientAllowedContacts"
"PatientGlobal","PatientGlobal"
"PatientNote","PatientNote"
"PatientRequestAmendment","PatientRequestAmendment"
"PatientRequestCallback","PatientRequestCallback"
"PatientRequestForm","PatientRequestForm"
"PatientRequestOnline","PatientRequestOnline"
"PatientRequestRecall","PatientRequestRecall"
"PatientSurvey","PatientSurvey"
"Insurance","Insurance"
"PatMail","PatMail"
"Payment","Payment"
"PrePayment","PrePayment"
"PriorAuth","PriorAuth"
"Procedure","Procedure"
"ProcedureCharge","ProcedureCharge"
"Relative","Relative"
"SmsnaviConsent","SmsnaviConsent"
"SmsnaviMessages","SmsnaviMessages"
"SmsNaviNotification","SmsNaviNotification"
"task","task"
"TaskAssigned","TaskAssigned"
"EmrLabOrder","EmrLabOrder"
"EmrMultiBirth","EmrMultiBirth"
"EmrNotes","EmrNotes"
"EmrObgynhc","EmrObgynhc"
"EmrObHistory","EmrObHistory"
"EmrObHistoryPreg","EmrObHistoryPreg"
"EmrPregnancy","EmrPregnancy"
"EmrPregnancyPlan","EmrPregnancyPlan"
"EmrSurgery","EmrSurgery"
"EmrSurghis","EmrSurghis"
"EmrTransfer","EmrTransfer"
"VisitPayment","VisitPayment"